"Serial Number","Audit Checkpoint","AI Observations","Rating","AI Recommendations","Code Example","File Names","Audit Checkpoint Group"
"1","Is the codebase organized with a clear and maintainable folder/file structure?","The app separates browser assets, Express routes, data, and tests in clear folders.","Green","Keep new routes, data access, and tests within the existing module boundaries.","Evidence in src/app.js; src/routes; src/data; public; tests; no narrower excerpt applies to this checkpoint.","src/app.js; src/routes; src/data; public; tests","Architecture, Design & Reusability"
"2","Is the code modular, reusable, and loosely coupled?","Routes and UI scripts are separated, but follow state is process-global and the same mutation response logic is duplicated between POST and DELETE.","Yellow","Move state behind a persistence interface and extract the shared follow response operation when the API grows.","Evidence in src/routes/follows.js; src/data/store.js; no narrower excerpt applies to this checkpoint.","src/routes/follows.js; src/data/store.js","Architecture, Design & Reusability"
"3","Is the design flexible enough to support future enhancements and scalability?","The in-memory singleton is lost on restart and diverges across multiple server instances.","Yellow","Use a durable shared store and explicit configuration before scaling beyond a single demo process.","const records = { amara: { ... }, mateo: { ... } };","src/data/store.js; server.js","Architecture, Design & Reusability"
"4","Are duplicate code blocks refactored into reusable methods/components/services?","POST and DELETE handlers repeat person lookup and response construction.","Yellow","Share the common follow mutation and response serialization while keeping the HTTP verbs explicit.","setFollow(personId, true); // POST
setFollow(personId, false); // DELETE","src/routes/follows.js","Architecture, Design & Reusability"
"5","Are lengthy functions/methods broken into smaller focused units?","Current route and rendering functions are short and focused.","Green","Preserve the current function size as features are added.","Evidence in src/routes/follows.js; public/js/people.js; public/js/activity.js; no narrower excerpt applies to this checkpoint.","src/routes/follows.js; public/js/people.js; public/js/activity.js","Architecture, Design & Reusability"
"6","Is separation of concerns maintained between business logic, APIs, UI, and data access?","Express routing, in-memory data operations, and browser rendering are separated into distinct modules.","Green","Keep business rules out of route handlers as they expand.","Evidence in src/app.js; src/routes/follows.js; src/data/store.js; public/js; no narrower excerpt applies to this checkpoint.","src/app.js; src/routes/follows.js; src/data/store.js; public/js","Architecture, Design & Reusability"
"7","Are reusable utilities, constants, and shared components implemented effectively?","The fixed people data and port default are embedded in implementation; shared helpers are limited, though the current demo is small.","Yellow","Move environment-specific values and shared seed/configuration values into explicit configuration when they become variable.","Evidence in src/data/store.js; server.js; no narrower excerpt applies to this checkpoint.","src/data/store.js; server.js","Architecture, Design & Reusability"
"8","Are middleware and shared handlers used appropriately for cross-cutting concerns?","Only JSON parsing and static serving are configured; there is no centralized error handling, security middleware, or request logging.","Red","Add narrowly scoped error, security-header, and request logging middleware appropriate to deployment.","app.use(express.json()); // No security, auth, or rate-limit middleware is registered.","src/app.js","Architecture, Design & Reusability"
"9","Is the codebase consistent in structure, implementation patterns, and architecture?","The project uses a consistent CommonJS/Express structure and small browser scripts.","Green","Retain the existing module and naming conventions.","Evidence in src; public/js; tests; no narrower excerpt applies to this checkpoint.","src; public/js; tests","Architecture, Design & Reusability"
"10","Does the code follow language/framework coding standards and best practices?","The code follows basic CommonJS, Express, browser JavaScript, and Jest conventions.","Green","Maintain consistent formatting and add automated linting as the codebase grows.","Evidence in src; public/js; tests; no narrower excerpt applies to this checkpoint.","src; public/js; tests","Code Quality, Readability & Standards"
"11","Is the code readable, maintainable, and easy to understand?","Small modules, descriptive identifiers, and straightforward control flow make the code easy to follow.","Green","Keep API contracts and state ownership explicit as features grow.","Evidence in src; public/js; no narrower excerpt applies to this checkpoint.","src; public/js","Code Quality, Readability & Standards"
"12","Are naming conventions meaningful and consistent for variables, methods, classes, and files?","Names are generally descriptive and consistent with JavaScript conventions.","Green","Continue using descriptive names and consistent file naming.","Evidence in src; public/js; tests; no narrower excerpt applies to this checkpoint.","src; public/js; tests","Code Quality, Readability & Standards"
"13","Is code formatting, indentation, and spacing consistent throughout the project?","JavaScript indentation and formatting are consistent across the reviewed source files.","Green","Add a formatter check to the development workflow to preserve this.","const person = getPersonById(personId);
if (!person) return res.status(404).json(...);","src; public/js; tests","Code Quality, Readability & Standards"
"14","Are complex expressions simplified for readability?","No materially complex expressions were identified in the reviewed source.","Green","Keep validation and state transitions explicit as they become more complex.","Evidence in src; public/js; no narrower excerpt applies to this checkpoint.","src; public/js","Code Quality, Readability & Standards"
"15","Are magic numbers and hardcoded values replaced with named constants/configurations?","The port default, seed records, UI counts, and service labels are hardcoded in source/HTML.","Yellow","Centralize values that must vary by environment or that are duplicated in the UI.","const port = process.env.PORT || 3000;","server.js; src/data/store.js; public/index.html; public/activity.html","Code Quality, Readability & Standards"
"16","Are comments, docstrings, and inline documentation meaningful and up to date?","The code has little inline documentation and the README contains only a repeated project title.","Yellow","Document non-obvious state, API contracts, startup, and deployment assumptions.","# HAS-Demo
# HAS-Demo","README.md; src/data/store.js; src/routes/follows.js","Code Quality, Readability & Standards"
"17","Is dead code, commented-out code, and unused logic removed regularly?","No clear dead or commented-out implementation was found in the reviewed source.","Green","Continue checking unused code during review; no dead-code tool is configured.","Evidence in src; public/js; no narrower excerpt applies to this checkpoint.","src; public/js","Code Quality, Readability & Standards"
"18","Are assumptions and implementation details clearly documented?","The in-memory state and API behavior are implicit in code; the README provides no setup or architecture details.","Yellow","Document that data is process-local and define expected deployment and API behavior.","Evidence in README.md; src/data/store.js; server.js; no narrower excerpt applies to this checkpoint.","README.md; src/data/store.js; server.js","Code Quality, Readability & Standards"
"19","Is the code self-explanatory with minimal unnecessary complexity?","The small demo is mostly direct and easy to trace.","Green","Preserve the straightforward implementation while adding safeguards at trust boundaries.","Evidence in src; public/js; no narrower excerpt applies to this checkpoint.","src; public/js","Code Quality, Readability & Standards"
"20","Are functions and methods aligned with the Single Responsibility Principle?","Most functions have one clear responsibility; route duplication is separately noted.","Green","Keep rendering, validation, state mutation, and transport concerns separated.","Evidence in src/routes/follows.js; src/data/store.js; public/js; no narrower excerpt applies to this checkpoint.","src/routes/follows.js; src/data/store.js; public/js","Code Quality, Readability & Standards"
"21","Is code consistency maintained across modules and teams?","The small repository shows consistent module style; team-wide consistency cannot be established from source alone.","Green","Add shared lint/format checks if multiple contributors are expected.","Evidence in src; public/js; tests; no narrower excerpt applies to this checkpoint.","src; public/js; tests","Code Quality, Readability & Standards"
"22","Does the application conform to OWASP Top 10 vulnerabilities and security best practices?","State-changing follow endpoints are unauthenticated; browser views interpolate API fields into innerHTML; security headers and throttling are absent.","Red","Define an authentication/authorization model for writes, render untrusted data as text, and configure production security controls.","npm audit: 33 vulnerabilities (28 high, 5 moderate); npm audit --omit=dev: 0.","src/routes/follows.js; public/js/people.js; public/js/activity.js; src/app.js","Security & Compliance"
"23","Are authentication and authorization implemented securely?","There is no authentication or authorization, and any caller can change shared follow state.","Red","Require an authenticated identity and authorize mutations against that identity before enabling production use.","router.post('/follows/:personId', (req, res) => { ... });","src/routes/follows.js","Security & Compliance"
"24","Is access control enforced correctly for protected APIs and resources?","POST and DELETE follow endpoints mutate state without access checks.","Red","Protect state-changing routes with explicit authorization; keep public reads intentional.","router.post('/follows/:personId', (req, res) => { ... });","src/routes/follows.js","Security & Compliance"
"25","Is user session management handled securely (e.g., session invalidation/logout)?","The app does not implement user accounts, cookies, or sessions.","NA","Reassess when session-based authentication is introduced.","N/A","N/A","Security & Compliance"
"26","Is sensitive data excluded from source code, logs, and responses?","The reviewed app contains no apparent credentials or sensitive user data; responses expose only demo people and follow state.","Green","Reassess if real user or confidential data is added.","console.log(`Follow API running on http://localhost:${port}`);","src/data/store.js; src/routes/follows.js; server.js","Security & Compliance"
"27","Are passwords, secrets, and credentials securely managed and never hardcoded?","No credentials or secrets were found; the listening port is read from PORT with a local default.","Green","Use a secret manager or deployment environment for any future credentials.","const port = process.env.PORT || 3000;","server.js; .gitignore","Security & Compliance"
"28","Are protections implemented against SQL Injection, XSS, CSRF, and insecure authentication?","No SQL is used; however API-derived values are inserted into HTML without escaping, and state-changing endpoints have no authentication. Cookie-based CSRF is not applicable currently.","Red","Replace HTML string rendering with safe DOM/text APIs and protect mutation routes; reassess CSRF if cookie authentication is added.","listEl.innerHTML = people.map((person) => `...${person.name}...`).join('');","public/js/people.js; public/js/activity.js; src/routes/follows.js","Security & Compliance"
"29","Are all API request parameters validated and sanitized?","Unknown person IDs are rejected by lookup, but there is no shared validation policy or explicit length/format constraint.","Yellow","Validate route identifiers against an allowlist and reject malformed request bodies and paths consistently.","listEl.innerHTML = people.map((person) => `...${person.name}...`).join('');","src/routes/follows.js","Security & Compliance"
"30","Are form validations implemented for all user inputs?","The math form relies on browser required/type validation; API mutations have no explicit request-schema validation.","Yellow","Add server-side schemas for accepted API input and tests for malformed values.","const person = getPersonById(personId);
if (!person) return res.status(404).json(...);","public/math.html; public/js/math.js; src/routes/follows.js","Security & Compliance"
"31","Are middleware/security layers implemented properly for authentication and error handling?","The app configures JSON parsing and static serving only; authentication, centralized errors, security headers, and throttling are absent.","Red","Add explicit middleware for authentication/authorization, safe errors, security headers, and request limits.","router.post('/follows/:personId', (req, res) => { ... });","src/app.js","Security & Compliance"
"32","Are packages and dependencies up to date and free from known vulnerabilities?","npm audit reports 33 advisories in the development dependency tree (28 high, 5 moderate), primarily transitive Jest dependencies; npm audit --omit=dev reports zero production vulnerabilities.","Yellow","Update the affected test-tool dependency tree in a controlled upgrade and rerun tests and the audit; avoid blindly applying the breaking --force upgrade.","npm audit: 33 vulnerabilities (28 high, 5 moderate); npm audit --omit=dev: 0.","package.json; package-lock.json","Security & Compliance"
"33","Are external libraries/packages reviewed for security and necessity before inclusion?","The runtime dependency set is minimal, but the full dependency tree has known development-tool advisories and no recorded review policy.","Yellow","Keep the dependency set minimal and include repeatable advisory checks in CI.","npm audit: 33 vulnerabilities (28 high, 5 moderate); npm audit --omit=dev: 0.","package.json; package-lock.json","Security & Compliance"
"34","Are secure coding standards consistently followed throughout the application?","Basic input lookup checks exist, but unsafe DOM sinks and unprotected mutations violate secure-output and access-control practices.","Yellow","Apply a consistent trust-boundary policy to all API inputs, outputs, and state-changing operations.","Evidence in src/routes/follows.js; public/js/people.js; public/js/activity.js; no narrower excerpt applies to this checkpoint.","src/routes/follows.js; public/js/people.js; public/js/activity.js","Security & Compliance"
"35","Is exception/error handling implemented consistently across the application?","Browser fetch paths show generic errors, but backend errors rely on Express defaults and there is no centralized error handler.","Yellow","Add a final Express error middleware that logs safely and returns a stable JSON error envelope.","Evidence in src/app.js; public/js/api.js; public/js/people.js; public/js/activity.js; no narrower excerpt applies to this checkpoint.","src/app.js; public/js/api.js; public/js/people.js; public/js/activity.js","Error Handling, Logging & Reliability"
"36","Are try/catch blocks used appropriately without swallowing errors?","Frontend catches display generic messages without telemetry; backend route handlers have no local or centralized handling.","Yellow","Keep user-facing errors generic and capture server-side diagnostics without exposing internals.","Evidence in public/js/people.js; public/js/activity.js; src/app.js; no narrower excerpt applies to this checkpoint.","public/js/people.js; public/js/activity.js; src/app.js","Error Handling, Logging & Reliability"
"37","Are API failures handled with proper HTTP status codes and meaningful messages?","Unknown IDs return 404, but malformed JSON and unexpected errors have no project-defined response contract.","Yellow","Standardize validation and server-error statuses and responses through shared middleware.","GET /api/people; POST /api/follows/:personId; DELETE /api/follows/:personId","src/routes/follows.js; src/app.js","Error Handling, Logging & Reliability"
"38","Is adequate logging implemented for debugging and monitoring?","Only startup output is logged; request failures and state mutations have no traceable operational logs.","Yellow","Add privacy-conscious structured request/error logs and health monitoring.","console.log(`Follow API running on http://localhost:${port}`);","server.js; src/app.js","Error Handling, Logging & Reliability"
"39","Are logs structured, useful, and free from sensitive information?","The only application log is an unstructured startup line; there are no sensitive fields currently logged.","Yellow","Use structured logs with request correlation and explicit redaction if operational logging is added.","const person = getPersonById(personId);
if (!person) return res.status(404).json(...);","server.js","Error Handling, Logging & Reliability"
"40","Are all possible edge cases and invalid states handled correctly?","Unknown IDs are handled, but persistence failure, malformed requests, state reset, and concurrent/multi-instance behavior are not covered.","Yellow","Define and test failure and restart behavior; use durable shared state for production.","Evidence in src/routes/follows.js; src/data/store.js; tests/follows.test.js; no narrower excerpt applies to this checkpoint.","src/routes/follows.js; src/data/store.js; tests/follows.test.js","Error Handling, Logging & Reliability"
"41","Are logical conditions, loops, and branching implementations free from defects?","The inspected conditional and mapping logic is simple; the existing suite passes, though coverage is limited.","Green","Add boundary tests when the dataset or business rules grow.","Evidence in src/data/store.js; public/js/math.js; tests; no narrower excerpt applies to this checkpoint.","src/data/store.js; public/js/math.js; tests","Error Handling, Logging & Reliability"
"42","Are assumptions and fallback scenarios documented clearly?","The single-process in-memory state and fallback port are not explained in the README.","Yellow","Document reset, persistence, deployment, and error fallback behavior.","Evidence in README.md; src/data/store.js; server.js; no narrower excerpt applies to this checkpoint.","README.md; src/data/store.js; server.js","Error Handling, Logging & Reliability"
"43","Are memory leaks and resource leaks prevented?","The app currently holds only bounded in-memory seed records and opens no persistent external resources.","Green","Reassess resource lifecycle if database, stream, or background-worker integrations are added.","Evidence in src/data/store.js; server.js; no narrower excerpt applies to this checkpoint.","src/data/store.js; server.js","Error Handling, Logging & Reliability"
"44","Are monitoring and observability practices implemented where required?","There is a static health response and startup log, but no metrics, alerting, or operational error visibility.","Yellow","Add deployment-appropriate monitoring and alerts for failures and availability.","console.log(`Follow API running on http://localhost:${port}`);","src/routes/health.js; server.js","Error Handling, Logging & Reliability"
"45","Is the code optimized for efficiency, scalability, and maintainability?","Work is small and direct, but process-local state prevents reliable horizontal scaling and requests are not throttled.","Yellow","Use shared persistence and enforce resource limits before production scaling.","const records = { amara: { ... }, mateo: { ... } };","src/data/store.js; src/app.js","Performance & Optimization"
"46","Are unnecessary computations, loops, and redundant operations avoided?","The current small in-memory list uses simple linear lookups and no avoidable expensive processing.","Green","Revisit indexing only if the data volume grows.","Evidence in src/data/store.js; no narrower excerpt applies to this checkpoint.","src/data/store.js","Performance & Optimization"
"47","Are performance bottlenecks identified and optimized?","No load or profiling evidence is present; the current fixed demo data does not justify optimization.","NA","Measure representative workloads before optimizing.","N/A","N/A","Performance & Optimization"
"48","Are memory leaks and excessive memory consumption avoided?","The data set is fixed-size and no resource-heavy processing is present.","Green","Set explicit data bounds if mutable or user-created records are introduced.","Evidence in src/data/store.js; no narrower excerpt applies to this checkpoint.","src/data/store.js","Performance & Optimization"
"49","Are APIs, queries, and data processing optimized for performance?","There is no database/query layer and current operations process four seed records.","Green","Use pagination and indexed persistence if records become unbounded.","const person = getPersonById(personId);
if (!person) return res.status(404).json(...);","src/data/store.js; src/routes/follows.js","Performance & Optimization"
"50","Are reusable caching or optimization techniques implemented where beneficial?","Caching is not beneficial for the current tiny in-memory demo.","NA","Reassess with production traffic and measured latency.","N/A","N/A","Performance & Optimization"
"51","Are large methods/components refactored to improve performance and maintainability?","No large method or component was found in the reviewed source.","Green","Continue keeping route and rendering functions focused.","const person = getPersonById(personId);
if (!person) return res.status(404).json(...);","src; public/js","Performance & Optimization"
"52","Are dependencies and libraries optimized to avoid unnecessary overhead?","The runtime dependency set is small, but the Jest development dependency tree is large and includes advisories.","Yellow","Keep development tooling current and limit transitive dependency risk.","npm audit: 33 vulnerabilities (28 high, 5 moderate); npm audit --omit=dev: 0.","package.json; package-lock.json","Performance & Optimization"
"53","Are APIs designed consistently and following RESTful standards?","GET reads and POST/DELETE mutations are sensible, but the UI footer advertises PATCH while the API implements POST/DELETE.","Yellow","Document and align the displayed API contract with implemented routes.","GET /api/people; POST /api/follows/:personId; DELETE /api/follows/:personId","src/routes/follows.js; public/index.html; public/activity.html","API & Middleware Standards"
"54","Are API request and response structures standardized?","Successful list and mutation responses use JSON; not-found errors use a stable nested error shape.","Green","Keep the same envelope for validation and server errors.","GET /api/people; POST /api/follows/:personId; DELETE /api/follows/:personId","src/routes/follows.js","API & Middleware Standards"
"55","Are appropriate HTTP methods and status codes used consistently?","Reads use GET, mutations use POST/DELETE, and unknown IDs return 404.","Green","Add explicit validation and error statuses as input handling expands.","GET /api/people; POST /api/follows/:personId; DELETE /api/follows/:personId","src/routes/follows.js","API & Middleware Standards"
"56","Is API documentation available and up to date (Swagger/OpenAPI, etc.)?","There is no API specification; the README is only a repeated title and UI footer route descriptions are stale/incomplete.","Red","Document endpoints, request/response shapes, errors, and persistence semantics.","# HAS-Demo
# HAS-Demo","README.md; public/index.html; public/activity.html","API & Middleware Standards"
"57","Are API validations implemented robustly for all request parameters?","The person ID is checked by lookup, but no explicit schema, length, or format validation layer exists.","Yellow","Introduce centralized route-parameter validation and negative tests.","const person = getPersonById(personId);
if (!person) return res.status(404).json(...);","src/routes/follows.js","API & Middleware Standards"
"58","Is middleware implemented properly for authentication, authorization, logging, and error handling?","No authentication, authorization, request logging, rate limiting, or centralized error middleware is registered.","Red","Implement required cross-cutting middleware and test its ordering and behavior.","router.post('/follows/:personId', (req, res) => { ... });","src/app.js","API & Middleware Standards"
"59","Are API errors handled securely without exposing internal implementation details?","The explicit 404 is generic, but unexpected/parser errors rely on framework defaults rather than a controlled JSON response.","Yellow","Use a production-safe centralized error handler and avoid stack details in responses.","Evidence in src/app.js; src/routes/follows.js; no narrower excerpt applies to this checkpoint.","src/app.js; src/routes/follows.js","API & Middleware Standards"
"60","Are integrations and external communications implemented securely and reliably?","The project has no external service or integration calls.","NA","Reassess if outbound integrations are introduced.","N/A","N/A","API & Middleware Standards"
"61","Are unit test cases implemented for critical functionality?","Jest tests cover math operations, health response, and basic follow/read behavior; npm test passes 3 suites and 5 tests.","Green","Retain these tests and add negative/security cases for each mutation path.","it('returns 404 for an unknown person', async () => { ... });","tests/follows.test.js; tests/health.test.js; tests/math.test.js","Testing & Quality Assurance"
"62","Are critical business flows and edge cases covered by tests?","Follow/unfollow and one unknown-ID case are covered, but malformed input, repeated actions, persistence, and UI rendering are not.","Yellow","Add edge-case and state-isolation tests for API and client workflows.","it('returns 404 for an unknown person', async () => { ... });","tests/follows.test.js; tests/math.test.js","Testing & Quality Assurance"
"63","Is adequate test coverage maintained for core modules and APIs?","Only five assertions-focused test cases exist; store behavior, error paths, browser scripts, and API security are largely uncovered.","Yellow","Expand coverage around route validation, output safety, and store behavior.","it('returns 404 for an unknown person', async () => { ... });","tests; src/data/store.js; public/js","Testing & Quality Assurance"
"64","Are regression and negative test scenarios included where applicable?","One unknown-person negative case exists, but malformed request and authorization/security regressions are not tested.","Yellow","Add negative tests for invalid IDs, error middleware, and denied unauthenticated writes.","it('returns 404 for an unknown person', async () => { ... });","tests/follows.test.js","Testing & Quality Assurance"
"65","Are mocks/stubs/test utilities used effectively for isolated testing?","Supertest provides direct HTTP integration tests without starting a listener; the tests remain isolated from external services.","Green","Use explicit store reset helpers if test cases become state-dependent.","it('returns 404 for an unknown person', async () => { ... });","tests/follows.test.js; tests/health.test.js","Testing & Quality Assurance"
"66","Are code reviews performed for all code changes?","Review history cannot be established from the source snapshot or test suite.","NA","Record review requirements in the repository contribution workflow.","N/A","N/A","Testing & Quality Assurance"
"67","Is review feedback addressed before merging changes?","The repository does not provide evidence of review feedback or merge policy.","NA","Track review decisions through the hosting workflow.","N/A","N/A","Testing & Quality Assurance"
"68","Are static analysis, linting, and quality checks integrated into development workflows?","The package scripts include tests only; no linter, static analysis, or CI workflow is present in the inspected project.","Yellow","Add lint/security checks and run them with tests in CI.","Evidence in package.json; no narrower excerpt applies to this checkpoint.","package.json","Testing & Quality Assurance"
"69","Is the README comprehensive and current for onboarding, setup, and contribution guidelines?","README.md contains only the project title repeated twice and gives no install, run, test, or contribution guidance.","Red","Provide setup, run, test, architecture, environment, and contribution instructions.","# HAS-Demo
# HAS-Demo","README.md","Documentation & Maintainability"
"70","Is API documentation accurate and maintained regularly?","No API documentation exists; footer route labels do not describe the implemented contract accurately.","Red","Add an OpenAPI document or concise endpoint reference and keep it aligned with tests.","# HAS-Demo
# HAS-Demo","README.md; public/index.html; public/activity.html; src/routes/follows.js","Documentation & Maintainability"
"71","Are architecture decisions and major changes documented clearly?","No architecture notes or decision records were found; the in-memory-only persistence behavior is not documented.","Yellow","Document state ownership and notable design decisions as the app evolves.","Evidence in README.md; src/data/store.js; no narrower excerpt applies to this checkpoint.","README.md; src/data/store.js","Documentation & Maintainability"
"72","Are docstrings/comments updated alongside code changes?","The source has little commentary and there is no documented process for maintaining it.","Yellow","Document non-obvious behavior and update API/setup documentation with changes.","# HAS-Demo
# HAS-Demo","README.md; src","Documentation & Maintainability"
"73","Are troubleshooting steps, assumptions, and implementation constraints documented?","No troubleshooting or implementation constraints are documented.","Red","Document common startup failures, required Node version, and in-memory reset behavior.","# HAS-Demo
# HAS-Demo","README.md; server.js; src/data/store.js","Documentation & Maintainability"
"74","Is onboarding documentation available for new developers?","The README has no onboarding or setup instructions.","Red","Add prerequisite, install, run, test, and project-structure steps.","# HAS-Demo
# HAS-Demo","README.md; package.json","Documentation & Maintainability"
"75","Are release/versioning and changelog practices followed consistently?","A package version exists, but no changelog or release process is present.","Yellow","Define lightweight release/versioning notes if releases are expected.","# HAS-Demo
# HAS-Demo","package.json","Documentation & Maintainability"
"76","Are all new code changes reviewed, documented, and maintainable for future development?","Source structure is maintainable at demo scale, but repository docs and review/CI evidence are absent.","Yellow","Document changes and enforce the repository review/test workflow.","Evidence in README.md; package.json; tests; no narrower excerpt applies to this checkpoint.","README.md; package.json; tests","Documentation & Maintainability"
